,dist1,dist2,dist3,angle
0,14.692,1.286,17.762,-22.0
1,14.682,12.853,17.756,-22.0
2,14.663,12.844,17.742,-22.0
3,14.663,12.844,17.742,-22.0
4,14.586,12.782,17.685,-22.0
5,14.586,12.782,17.685,-22.0
6,14.465,12.685,17.594,-22.0
7,14.465,12.685,17.594,-22.0
8,1.439,12.626,17.537,-22.0
9,14.233,12.502,17.416,-22.0
10,14.233,12.502,17.416,-22.0
11,14.233,12.502,17.416,-22.0
12,13.934,12.273,17.177,-22.0
13,13.934,12.273,17.177,-22.0
14,13.934,12.273,17.177,-22.0
15,13.673,1.208,16.961,-22.0
16,13.526,11.974,16.835,-22.0
17,13.526,11.974,16.835,-22.0
18,19.882,11.653,16.411,0.0
19,19.882,11.653,16.411,0.0
20,19.704,11.548,16.253,0.0
21,19.272,11.248,15.971,0.0
22,19.272,11.248,15.971,0.0
23,19.272,11.248,15.971,0.0
24,18.641,10.829,15.573,0.0
25,18.641,10.829,15.573,0.0
26,18.641,10.829,15.573,0.0
27,17.884,10.359,15.118,0.0
28,17.884,10.359,15.118,0.0
29,17.617,10.202,14.965,0.0
30,16.973,10.342,14.609,0.0
31,16.973,10.342,14.609,0.0
32,16.973,10.342,14.609,0.0
33,2.282,0.9441,17.737,0.0
34,2.282,0.9441,17.737,0.0
35,2.282,0.9441,17.737,0.0
36,21.867,0.865,17.002,0.0
37,21.867,0.865,17.002,0.0
38,21.504,0.836,16.729,0.0
39,21.504,0.836,16.729,0.0
40,20.846,0.7853,16.244,0.0
41,20.846,0.7853,16.244,0.0
42,20.171,0.7364,15.761,0.0
43,19.456,0.6887,15.267,0.0
44,19.456,0.6887,15.267,0.0
45,19.456,0.6887,15.267,0.0
46,25.658,0.6491,14.823,0.0
47,25.325,11.849,14.615,0.0
48,25.325,11.849,14.615,0.0
49,24.368,1.101,1.405,0.0
50,24.368,1.101,1.405,0.0
51,2.402,10.712,13.856,0.0
52,23.334,10.136,17.406,0.0
53,23.334,10.136,17.406,0.0
54,23.334,10.136,17.406,0.0
55,22.337,0.9333,16.598,0.0
56,22.337,0.9333,16.598,0.0
57,22.337,0.9333,16.598,0.0
58,27.146,0.8648,15.886,0.0
59,27.146,0.8648,15.886,0.0
60,26.813,0.8412,15.632,0.0
61,26.118,0.7947,15.116,0.0
62,26.118,0.7947,15.116,0.0
63,26.118,0.7947,15.116,0.0
64,25.265,0.7436,14.506,0.0
65,25.265,0.7436,14.506,0.0
66,25.265,0.7436,14.506,0.0
67,25.467,12.192,13.882,0.0
68,25.467,12.192,13.882,0.0
69,25.124,11.898,13.664,0.0
70,24.474,11.351,13.267,0.0
71,24.474,11.351,13.267,0.0
72,24.474,11.351,13.267,0.0
73,28.728,10.594,12.741,0.0
74,28.728,10.594,12.741,0.0
75,28.395,1.034,16.556,0.0
76,27.687,0.9817,15.978,0.0
77,27.687,0.9817,15.978,0.0
78,27.687,0.9817,15.978,0.0
79,26.773,0.9187,15.251,0.0
80,26.773,0.9187,15.251,0.0
81,26.773,0.9187,15.251,0.0
82,25.829,0.8598,14.526,0.0
83,25.829,0.8598,14.526,0.0
84,25.829,0.8598,14.526,0.0
85,24.831,13.348,13.794,0.0
86,24.831,13.348,13.794,0.0
87,24.831,13.348,13.794,0.0
88,23.864,12.534,13.123,0.0
89,23.864,12.534,13.123,0.0
90,23.864,12.534,13.123,0.0
91,23.184,11.979,12.679,0.0
92,22.864,11.725,12.479,0.0
93,22.864,11.725,12.479,0.0
94,28.285,11.002,11.928,0.0
95,28.285,11.002,11.928,0.0
96,28.285,11.002,11.928,0.0
97,27.307,10.327,15.355,0.0
98,27.307,10.327,15.355,0.0
99,27.307,10.327,15.355,0.0
100,26.272,0.9676,14.516,0.0
101,26.272,0.9676,14.516,0.0
102,26.272,0.9676,14.516,0.0
103,2.528,14.438,13.742,0.0
104,2.528,14.438,13.742,0.0
105,2.528,14.438,13.742,0.0
106,24.638,13.908,13.258,0.0
107,23.979,13.376,12.779,0.0
108,23.979,13.376,12.779,0.0
109,23.621,13.092,12.526,0.0
110,22.917,12.548,12.047,0.0
111,22.917,12.548,12.047,0.0
112,22.917,12.548,12.047,0.0
113,22.012,11.879,11.471,0.0
114,22.012,11.879,11.471,0.0
115,21.665,11.632,11.264,0.0
116,20.956,11.147,10.865,0.0
117,20.956,11.147,10.865,0.0
118,20.604,10.918,14.809,0.0
119,26.321,10.508,14.232,0.0
120,26.321,10.508,14.232,0.0
121,26.321,10.508,14.232,0.0
122,25.365,15.203,13.455,0.0
123,25.365,15.203,13.455,0.0
124,25.365,15.203,13.455,0.0
125,2.448,14.499,1.276,0.0
126,2.448,14.499,1.276,0.0
127,2.448,14.499,1.276,0.0
128,23.458,13.717,11.994,0.0
129,23.458,13.717,11.994,0.0
130,23.458,13.717,11.994,0.0
131,22.434,1.297,11.272,0.0
132,22.434,1.297,11.272,0.0
133,22.434,1.297,11.272,0.0
134,2.145,12.296,10.633,0.0
135,2.145,12.296,10.633,0.0
136,21.104,12.071,10.423,0.0
137,20.517,11.703,10.085,0.0
138,20.517,11.703,10.085,0.0
139,20.517,11.703,10.085,0.0
140,19.554,16.087,13.682,0.0
141,19.554,16.087,13.682,0.0
142,19.554,16.087,13.682,0.0
143,18.562,20.528,1.282,22.0
144,18.562,20.528,1.282,22.0
145,19.863,19.968,12.313,22.0
146,19.562,19.688,12.123,22.0
147,19.562,19.688,12.123,22.0
148,18.917,14.428,11.747,0.0
149,18.917,14.428,11.747,0.0
150,18.628,14.211,11.593,0.0
151,17.953,18.226,1.119,22.0
152,17.953,18.226,1.119,22.0
153,17.663,17.987,11.025,22.0
154,19.753,17.373,15.624,0.0
155,19.753,17.373,15.624,0.0
156,19.753,17.373,15.624,0.0
157,19.753,17.373,15.624,0.0
158,19.753,17.373,15.624,0.0
159,19.753,17.373,15.624,0.0
160,17.812,15.738,14.295,0.0
161,17.812,15.738,14.295,0.0
162,1.747,15.467,14.072,0.0
163,1.68,14.942,13.649,0.0
164,1.68,14.942,13.649,0.0
165,16.489,14.704,1.346,0.0
166,16.489,14.704,1.346,0.0
167,15.838,14.214,13.082,0.0
168,15.533,1.399,12.912,0.0
169,14.835,13.489,12.797,0.0
170,14.835,13.489,12.797,0.0
171,14.158,13.022,12.244,0.0
172,14.158,13.022,12.244,0.0
173,13.859,12.822,12.005,0.0
174,13.197,12.397,11.486,0.0
175,13.197,12.397,11.486,0.0
176,1.98,12.219,11.266,0.0
177,19.172,11.862,10.817,0.0
178,19.172,11.862,10.817,0.0
179,18.495,16.159,10.357,0.0
180,18.167,15.958,10.144,0.0
181,18.167,15.958,10.144,0.0
182,17.492,1.556,0.9729,0.0
183,17.492,1.556,0.9729,0.0
184,1.72,15.394,0.956,0.0
185,16.587,19.728,0.9877,22.0
186,16.587,19.728,0.9877,22.0
187,1.627,19.533,0.9588,22.0
188,18.648,18.981,0.9069,22.0
189,18.648,18.981,0.9069,22.0
190,18.648,18.981,0.9069,22.0
191,1.78,1.382,0.85,0.0
192,1.78,1.382,0.85,0.0
193,17.514,13.624,0.8324,0.0
194,20.532,17.657,0.7955,0.0
195,20.532,17.657,0.7955,0.0
196,20.532,17.657,0.7955,0.0
197,19.532,17.022,13.395,0.0
198,19.532,17.022,13.395,0.0
199,19.204,16.822,13.145,0.0
200,18.472,16.391,12.601,0.0
201,18.472,16.391,12.601,0.0
202,18.472,16.391,12.601,0.0
203,17.472,20.194,11.894,22.0
204,17.472,20.194,11.894,22.0
205,17.472,20.194,11.894,22.0
206,16.581,15.246,11.389,0.0
207,16.581,15.246,11.389,0.0
208,16.581,15.246,11.389,0.0
209,19.619,18.823,1.258,0.0
210,19.619,18.823,1.258,0.0
211,19.619,18.823,1.258,0.0
212,18.615,18.175,11.801,0.0
213,18.615,18.175,11.801,0.0
214,18.615,18.175,11.801,0.0
215,17.611,17.562,11.062,0.0
216,17.611,17.562,11.062,0.0
217,17.251,17.352,10.808,22.0
218,16.553,16.959,10.336,22.0
219,16.553,16.959,10.336,22.0
220,16.553,16.959,10.336,22.0
221,1.99,16.307,1.216,0.0
222,1.99,16.307,1.216,0.0
223,1.99,16.307,1.216,0.0
224,19.016,15.746,11.477,0.0
225,19.016,15.746,11.477,0.0
226,18.649,15.536,11.197,0.0
227,17.997,18.972,10.714,22.0
228,17.997,18.972,10.714,22.0
229,17.997,18.972,10.714,22.0
230,17.114,18.237,10.169,22.0
231,17.114,18.237,10.169,22.0
232,17.114,18.237,10.169,22.0
233,19.119,14.062,12.564,0.0
234,19.119,14.062,12.564,0.0
235,19.119,14.062,12.564,0.0
236,1.832,13.602,11.998,0.0
237,1.832,13.602,11.998,0.0
238,1.832,13.602,11.998,0.0
239,1.741,16.325,11.375,0.0
240,1.741,16.325,11.375,0.0
241,1.741,16.325,11.375,0.0
242,1.741,16.325,11.375,0.0
243,1.741,16.325,11.375,0.0
244,1.741,16.325,11.375,0.0
245,1.741,16.325,11.375,0.0
246,1.741,16.325,11.375,0.0
247,1.741,16.325,11.375,0.0
248,1.741,16.325,11.375,0.0
249,1.741,16.325,11.375,0.0
250,1.375,14.007,12.026,22.0
251,13.406,20.787,11.774,22.0
252,13.406,20.787,11.774,22.0
253,13.406,20.787,11.774,22.0
254,13.406,20.787,11.774,22.0
255,13.406,20.787,11.774,22.0
256,13.406,20.787,11.774,22.0
257,13.406,20.787,11.774,22.0
258,13.406,20.787,11.774,22.0
259,13.406,20.787,11.774,22.0
260,13.406,20.787,11.774,22.0
261,13.406,20.787,11.774,22.0
262,15.109,1.195,10.986,0.0
263,14.926,11.825,10.843,0.0
264,14.926,11.825,10.843,0.0
265,14.926,11.825,10.843,0.0
266,14.926,11.825,10.843,0.0
267,14.926,11.825,10.843,0.0
268,14.926,11.825,10.843,0.0
269,13.203,10.778,0.9543,0.0
270,12.856,17.058,0.93,22.0
271,12.856,17.058,0.93,22.0
272,12.856,17.058,0.93,22.0
273,11.955,1.63,0.8789,22.0
274,16.827,16.085,0.8696,0.0
275,16.827,16.085,0.8696,0.0
276,16.827,16.085,0.8696,0.0
277,16.827,16.085,0.8696,0.0
278,16.827,16.085,0.8696,0.0
279,16.827,16.085,0.8696,0.0
280,16.827,16.085,0.8696,0.0
281,16.827,16.085,0.8696,0.0
282,16.827,16.085,0.8696,0.0
283,16.827,16.085,0.8696,0.0
284,16.827,16.085,0.8696,0.0
285,13.162,13.497,0.8429,22.0
286,13.162,13.497,0.8429,22.0
287,13.162,13.497,0.8429,22.0
288,13.162,13.497,0.8429,22.0
289,13.162,13.497,0.8429,22.0
290,13.162,13.497,0.8429,22.0
291,13.162,13.497,0.8429,22.0
292,13.162,13.497,0.8429,22.0
293,22.453,1.194,11.478,0.0
294,2.227,11.771,11.347,0.0
295,2.227,11.771,11.347,0.0
296,2.227,11.771,11.347,0.0
297,2.227,11.771,11.347,0.0
298,2.227,11.771,11.347,0.0
299,2.227,11.771,11.347,0.0
300,2.227,11.771,11.347,0.0
301,2.227,11.771,11.347,0.0
302,2.227,11.771,11.347,0.0
303,2.227,11.771,11.347,0.0
304,18.977,15.043,0.8973,0.0
305,18.977,15.043,0.8973,0.0
306,18.977,15.043,0.8973,0.0
307,18.977,15.043,0.8973,0.0
308,18.977,15.043,0.8973,0.0
309,18.977,15.043,0.8973,0.0
310,18.977,15.043,0.8973,0.0
311,22.901,13.317,11.589,0.0
312,22.901,13.317,11.589,0.0
313,22.901,13.317,11.589,0.0
314,22.901,13.317,11.589,0.0
315,22.901,13.317,11.589,0.0
316,22.901,13.317,11.589,0.0
317,20.853,12.036,10.196,0.0
318,20.556,1.187,10.015,0.0
319,20.556,1.187,10.015,0.0
320,20.556,1.187,10.015,0.0
321,20.556,1.187,10.015,0.0
322,19.202,16.325,13.317,0.0
323,19.202,16.325,13.317,0.0
324,19.202,16.325,13.317,0.0
325,18.266,15.626,12.491,0.0
326,18.266,15.626,12.491,0.0
327,18.266,15.626,12.491,0.0
328,17.285,14.924,11.645,0.0
329,17.285,14.924,11.645,0.0
330,16.652,14.491,11.115,0.0
331,16.304,14.259,10.829,0.0
332,16.304,14.259,10.829,0.0
333,15.982,1.405,10.569,0.0
334,15.982,1.405,10.569,0.0
335,15.218,13.573,0.9967,0.0
336,15.218,13.573,0.9967,0.0
337,20.827,1.318,0.9465,0.0
338,20.485,18.337,0.9233,0.0
339,20.485,18.337,0.9233,0.0
340,2.012,18.063,0.8994,0.0
341,19.444,17.565,0.8576,0.0
342,19.444,17.565,0.8576,0.0
343,18.809,17.108,0.8218,0.0
344,18.809,17.108,0.8218,0.0
345,18.175,16.665,12.097,0.0
346,18.175,16.665,12.097,0.0
347,17.093,1.594,11.129,0.0
348,17.093,1.594,11.129,0.0
349,16.749,15.719,10.826,0.0
350,16.085,15.304,10.249,0.0
351,16.085,15.304,10.249,0.0
352,16.085,15.304,10.249,0.0
353,15.124,14.741,0.9441,0.0
354,15.124,14.741,0.9441,0.0
355,14.475,19.672,0.8914,22.0
356,14.172,19.442,0.8675,22.0
357,14.172,19.442,0.8675,22.0
358,13.917,19.184,0.8507,22.0
359,19.787,13.567,0.8206,0.0
360,19.787,13.567,0.8206,0.0
361,19.287,13.223,0.7959,0.0
362,18.991,17.903,0.7801,0.0
363,18.991,17.903,0.7801,0.0
364,18.414,1.744,12.159,0.0
365,18.084,17.178,11.864,0.0
366,18.084,17.178,11.864,0.0
367,17.208,16.496,11.094,0.0
368,17.208,16.496,11.094,0.0
369,17.208,16.496,11.094,0.0
370,16.856,16.228,1.079,0.0
371,16.122,15.681,1.017,0.0
372,16.122,15.681,1.017,0.0
373,22.055,15.219,0.9647,0.0
374,21.735,15.005,0.9405,0.0
375,21.735,15.005,0.9405,0.0
376,21.102,14.593,0.8943,0.0
377,20.758,14.376,0.8702,0.0
378,20.758,14.376,0.8702,0.0
379,20.041,13.943,0.8225,0.0
380,19.743,1.377,0.8039,0.0
381,19.743,1.377,0.8039,0.0
382,19.372,13.562,0.7818,0.0
383,18.652,1.789,1.231,0.0
384,18.652,1.789,1.231,0.0
385,18.652,1.789,1.231,0.0
386,17.655,17.113,11.413,0.0
387,17.655,17.113,11.413,0.0
388,17.655,17.113,11.413,0.0
389,16.629,1.634,10.515,0.0
390,16.629,1.634,10.515,0.0
391,16.629,1.634,10.515,0.0
392,15.656,15.636,0.9692,0.0
393,15.656,15.636,0.9692,0.0
394,15.341,15.415,0.9434,22.0
395,21.181,14.918,0.8855,0.0
396,21.181,14.918,0.8855,0.0
397,21.181,14.918,0.8855,0.0
398,20.258,14.248,0.8263,0.0
399,20.258,14.248,0.8263,0.0
400,19.619,13.855,0.7868,0.0
401,19.323,1.368,0.7698,0.0
402,19.323,1.368,0.7698,0.0
403,18.675,18.189,12.306,0.0
404,18.387,18.016,12.047,0.0
405,18.387,18.016,12.047,0.0
406,18.045,17.815,1.174,0.0
407,17.329,22.282,11.108,22.0
408,17.329,22.282,11.108,22.0
409,16.977,22.073,10.802,22.0
410,18.828,16.726,10.388,0.0
411,18.828,16.726,10.388,0.0
412,18.828,16.726,10.388,0.0
413,17.996,16.183,0.9848,0.0
414,17.996,16.183,0.9848,0.0
415,17.996,16.183,0.9848,0.0
416,1.709,20.414,0.9267,22.0
417,1.709,20.414,0.9267,22.0
418,16.736,20.209,0.9056,22.0
419,19.294,19.699,14.166,22.0
420,19.294,19.699,14.166,22.0
421,19.294,19.699,14.166,22.0
422,18.519,1.441,13.737,0.0
423,18.519,1.441,13.737,0.0
424,17.999,14.006,13.453,0.0
425,17.707,13.841,13.268,0.0
426,17.707,13.841,13.268,0.0
427,17.362,1.808,13.055,22.0
428,16.758,17.684,12.699,22.0
429,16.758,17.684,12.699,22.0
430,19.778,1.714,13.602,0.0
431,19.499,16.863,13.442,0.0
432,19.499,16.863,13.442,0.0
433,18.904,1.646,13.017,0.0
434,18.604,16.262,12.809,0.0
435,18.604,16.262,12.809,0.0
436,18.314,16.074,12.612,0.0
437,17.677,15.673,12.193,0.0
438,17.677,15.673,12.193,0.0
439,1.735,15.473,11.986,0.0
440,16.678,15.079,1.158,0.0
441,16.678,15.079,1.158,0.0
442,16.678,15.079,1.158,0.0
443,15.808,1.875,1.271,22.0
444,15.808,1.875,1.271,22.0
445,15.808,1.875,1.271,22.0
446,18.853,18.056,12.122,0.0
447,18.853,18.056,12.122,0.0
448,18.853,18.056,12.122,0.0
449,18.005,17.385,11.572,0.0
450,18.005,17.385,11.572,0.0
451,17.688,1.717,1.136,0.0
452,17.018,16.727,10.932,0.0
453,17.018,16.727,10.932,0.0
454,17.018,16.727,10.932,0.0
455,16.113,16.156,1.04,22.0
456,16.113,16.156,1.04,22.0
457,16.113,16.156,1.04,22.0
458,19.376,15.494,11.964,0.0
459,19.376,15.494,11.964,0.0
460,19.051,15.298,11.718,0.0
461,18.446,14.946,11.271,0.0
462,18.446,14.946,11.271,0.0
463,18.446,14.946,11.271,0.0
464,17.511,18.178,10.618,22.0
465,17.511,18.178,10.618,22.0
466,17.511,18.178,10.618,22.0
467,16.891,17.665,10.263,22.0
468,20.948,17.398,10.167,0.0
469,20.948,17.398,10.167,0.0
470,20.335,16.856,12.399,0.0
471,20.335,16.856,12.399,0.0
472,19.695,16.397,11.903,0.0
473,1.939,16.184,11.673,0.0
474,1.939,16.184,11.673,0.0
475,1.906,15.956,11.428,0.0
476,18.481,15.566,11.013,0.0
477,18.481,15.566,11.013,0.0
478,26.134,15.195,10.619,0.0
479,25.826,15.004,10.419,0.0
480,25.826,15.004,10.419,0.0
481,25.487,1.48,10.207,0.0
482,29.126,14.451,0.985,0.0
483,29.126,14.451,0.985,0.0
484,28.485,17.567,12.243,0.0
485,28.167,17.351,11.994,0.0
486,28.167,17.351,11.994,0.0
487,27.562,16.949,1.153,0.0
488,2.725,16.746,11.296,0.0
489,2.725,16.746,11.296,0.0
490,26.664,16.376,10.869,0.0
491,26.364,16.191,10.656,0.0
492,26.364,16.191,10.656,0.0
493,2.572,15.807,10.216,0.0
494,25.391,15.618,1.0,0.0
495,25.391,15.618,1.0,0.0
496,24.712,15.242,0.9575,0.0
497,24.404,18.583,0.9393,0.0
498,24.404,18.583,0.9393,0.0
499,24.078,18.358,0.9208,0.0
500,23.389,17.892,11.656,0.0
501,23.389,17.892,11.656,0.0
502,23.389,17.892,11.656,0.0
503,2.247,17.296,10.923,0.0
504,2.247,17.296,10.923,0.0
505,2.247,17.296,10.923,0.0
506,21.519,16.711,10.199,0.0
507,21.519,16.711,10.199,0.0
508,21.519,16.711,10.199,0.0
509,20.643,16.205,0.9571,0.0
510,20.643,16.205,0.9571,0.0
511,20.643,16.205,0.9571,0.0
512,19.758,16.398,0.8982,0.0
513,19.758,16.398,0.8982,0.0
514,19.131,15.868,0.8599,0.0
515,18.826,15.613,0.8424,0.0
516,18.826,15.613,0.8424,0.0
517,18.257,15.143,0.8121,0.0
518,17.921,14.869,14.607,0.0
519,17.921,14.869,14.607,0.0
520,17.625,1.463,14.414,0.0
521,16.896,14.052,13.956,0.0
522,16.896,14.052,13.956,0.0
523,16.896,14.052,13.956,0.0
524,16.028,13.384,13.444,0.0
525,16.028,13.384,13.444,0.0
526,15.434,12.942,13.117,0.0
527,15.102,1.27,19.603,-22.0
528,15.102,1.27,19.603,-22.0
529,14.799,12.485,1.941,-22.0
530,18.886,12.168,18.896,-22.0
531,18.886,12.168,18.896,-22.0
532,18.886,12.168,18.896,-22.0
533,18.012,1.35,11.781,0.0
534,18.012,1.35,11.781,0.0
535,18.012,1.35,11.781,0.0
536,17.125,1.277,17.529,-22.0
537,17.125,1.277,17.529,-22.0
538,16.765,12.476,17.278,-22.0
539,16.178,12.072,16.725,-22.0
540,16.178,12.072,16.725,-22.0
541,16.178,12.072,16.725,-22.0
542,21.057,11.646,10.104,0.0
543,21.057,11.646,10.104,0.0
544,21.057,11.646,10.104,0.0
545,20.135,11.117,15.302,0.0
546,20.135,11.117,15.302,0.0
547,19.799,14.346,15.054,0.0
548,19.087,13.719,14.543,0.0
549,19.087,13.719,14.543,0.0
550,18.791,13.461,14.336,0.0
551,18.049,12.822,13.831,0.0
552,18.049,12.822,13.831,0.0
553,17.714,12.538,13.611,0.0
554,17.044,11.978,13.188,0.0
555,17.044,11.978,13.188,0.0
556,17.044,11.978,13.188,0.0
557,1.614,11.246,12.653,0.0
558,1.614,11.246,12.653,0.0
559,1.614,11.246,12.653,0.0
560,15.203,1.052,17.835,-22.0
561,15.203,1.052,17.835,-22.0
562,15.203,1.052,17.835,-22.0
563,20.598,10.112,17.314,0.0
564,20.305,0.9971,17.041,0.0
565,20.305,0.9971,17.041,0.0
566,19.651,0.9588,16.559,0.0
567,19.308,0.94,16.311,0.0
568,19.308,0.94,16.311,0.0
569,18.632,1.283,15.834,0.0
570,18.327,12.558,15.624,0.0
571,18.327,12.558,15.624,0.0
572,17.964,12.237,15.378,0.0
573,17.282,11.641,1.493,0.0
574,17.282,11.641,1.493,0.0
575,17.282,11.641,1.493,0.0
576,1.631,10.812,14.326,0.0
577,1.631,10.812,14.326,0.0
578,15.952,10.515,14.115,0.0
579,1.54,10.064,13.802,0.0
580,1.54,10.064,13.802,0.0
581,14.785,0.9577,18.931,-22.0
582,14.466,0.9331,18.692,-22.0
583,14.466,0.9331,18.692,-22.0
584,22.653,0.9138,18.377,0.0
585,22.058,0.888,12.667,0.0
586,22.058,0.888,12.667,0.0
587,22.058,0.888,12.667,0.0
588,21.103,12.825,17.128,0.0
589,21.103,12.825,17.128,0.0
590,20.766,12.524,16.875,0.0
591,2.014,1.197,16.414,0.0
592,2.014,1.197,16.414,0.0
593,2.014,1.197,16.414,0.0
594,19.195,11.152,15.742,0.0
595,19.195,11.152,15.742,0.0
596,18.831,10.843,15.492,0.0
597,18.167,1.029,15.047,0.0
598,18.167,1.029,15.047,0.0
599,18.167,1.029,15.047,0.0
600,1.728,0.958,14.482,0.0
601,1.728,0.958,14.482,0.0
602,1.728,0.958,14.482,0.0
603,16.308,0.8845,13.906,0.0
604,16.308,0.8845,13.906,0.0
605,16.308,0.8845,13.906,0.0
606,15.389,0.8205,13.539,0.0
607,15.389,0.8205,13.539,0.0
608,15.389,0.8205,13.539,0.0
609,17.492,0.7647,12.814,0.0
610,17.492,0.7647,12.814,0.0
611,16.854,12.017,12.348,0.0
612,16.505,11.803,1.21,0.0
613,16.505,11.803,1.21,0.0
614,16.505,11.803,1.21,0.0
615,15.616,1.129,11.493,0.0
616,15.616,1.129,11.493,0.0
617,15.616,1.129,11.493,0.0
618,14.666,15.486,10.889,22.0
619,14.666,15.486,10.889,22.0
620,14.059,15.057,10.589,22.0
621,13.769,1.48,11.176,22.0
622,13.769,1.48,11.176,22.0
623,13.292,14.334,10.841,22.0
624,16.609,14.051,10.681,0.0
625,16.609,14.051,10.681,0.0
626,16.339,13.776,10.556,0.0
627,15.683,13.337,10.121,0.0
628,15.683,13.337,10.121,0.0
629,15.092,12.958,0.9751,0.0
630,14.755,12.749,0.9551,0.0
631,14.755,12.749,0.9551,0.0
632,14.176,12.405,0.9227,0.0
633,13.877,12.234,0.907,0.0
634,13.877,12.234,0.907,0.0
635,13.285,30.036,1.009,22.0
636,1.297,29.752,0.9822,22.0
637,1.297,29.752,0.9822,22.0
638,1.297,29.752,0.9822,22.0
639,16.119,11.054,0.926,0.0
640,16.119,11.054,0.926,0.0
641,16.119,11.054,0.926,0.0
642,15.247,27.915,0.8732,22.0
643,15.247,27.915,0.8732,22.0
644,15.247,27.915,0.8732,22.0
645,14.319,32.596,10.587,22.0
646,14.319,32.596,10.587,22.0
647,14.028,32.236,10.368,22.0
648,17.795,16.149,10.047,0.0
649,17.795,16.149,10.047,0.0
650,17.795,16.149,10.047,0.0
651,16.906,15.497,0.95,0.0
652,16.906,15.497,0.95,0.0
653,16.565,22.322,0.928,22.0
654,16.003,2.903,0.8936,22.0
655,16.003,2.903,0.8936,22.0
656,18.499,2.154,11.568,22.0
657,18.199,2.129,11.397,22.0
658,18.199,2.129,11.397,22.0
659,17.891,14.082,11.239,0.0
660,17.273,13.516,10.986,0.0
661,17.273,13.516,10.986,0.0
662,16.909,13.309,10.772,0.0
663,16.287,19.786,10.427,22.0
664,16.287,19.786,10.427,22.0
665,16.287,19.786,10.427,22.0
666,15.469,19.124,13.312,22.0
667,15.469,19.124,13.312,22.0
668,15.469,19.124,13.312,22.0
669,19.113,11.666,12.951,0.0
670,19.113,11.666,12.951,0.0
671,19.113,11.666,12.951,0.0
672,18.132,17.519,13.904,0.0
673,18.132,17.519,13.904,0.0
674,18.132,17.519,13.904,0.0
675,17.179,16.884,1.31,0.0
676,17.179,16.884,1.31,0.0
677,16.827,16.657,12.808,0.0
678,1.618,16.252,12.281,22.0
679,1.618,16.252,12.281,22.0
680,1.618,16.252,12.281,22.0
681,1.529,15.557,11.656,22.0
682,1.529,15.557,11.656,22.0
683,1.529,15.557,11.656,22.0
684,19.838,14.743,11.229,0.0
685,19.838,14.743,11.229,0.0
686,19.487,14.419,1.111,0.0
687,18.806,13.963,13.597,0.0
688,18.806,13.963,13.597,0.0
689,18.806,13.963,13.597,0.0
690,17.858,13.364,12.775,0.0
691,17.858,13.364,12.775,0.0
692,17.858,13.364,12.775,0.0
693,16.881,12.794,11.951,0.0
694,16.881,12.794,11.951,0.0
695,16.274,18.415,11.452,22.0
696,15.985,18.205,11.219,22.0
697,15.985,18.205,11.219,22.0
698,15.706,17.932,11.028,22.0
699,21.047,17.305,10.658,0.0
700,21.047,17.305,10.658,0.0
701,2.046,16.789,10.343,0.0
702,20.135,1.654,10.155,0.0
703,20.135,1.654,10.155,0.0
704,19.567,16.111,0.9845,0.0
705,19.245,15.873,13.493,0.0
706,19.245,15.873,13.493,0.0
707,18.601,15.405,12.922,0.0
708,18.263,15.165,12.626,0.0
709,18.263,15.165,12.626,0.0
710,18.263,15.165,12.626,0.0
711,17.331,14.525,11.823,0.0
712,17.331,14.525,11.823,0.0
713,1.675,14.145,11.335,0.0
714,16.415,13.933,11.059,0.0
715,16.415,13.933,11.059,0.0
716,15.772,1.354,10.539,0.0
717,15.458,13.357,10.291,0.0
718,15.458,13.357,10.291,0.0
719,15.458,13.357,10.291,0.0
720,14.587,23.206,0.9627,22.0
721,14.587,23.206,0.9627,22.0
722,20.233,22.753,0.9279,22.0
723,19.918,2.246,0.9132,22.0
724,19.918,2.246,0.9132,22.0
725,1.924,16.717,1.321,0.0
726,21.088,16.441,12.936,0.0
727,21.088,16.441,12.936,0.0
728,21.088,16.441,12.936,0.0
729,20.159,15.926,12.197,0.0
730,20.159,15.926,12.197,0.0
731,19.516,20.264,11.702,22.0
732,1.92,20.031,11.465,22.0
733,1.92,20.031,11.465,22.0
734,18.616,19.479,1.112,22.0
735,1.832,19.191,1.096,22.0
736,1.832,19.191,1.096,22.0
737,18.012,14.565,10.806,0.0
738,20.173,14.051,15.629,0.0
739,20.173,14.051,15.629,0.0
740,19.592,17.718,15.191,0.0
741,19.296,17.476,14.973,0.0
742,19.296,17.476,14.973,0.0
743,18.672,16.971,1.452,0.0
744,18.338,16.705,14.284,0.0
745,18.338,16.705,14.284,0.0
746,18.036,16.466,14.073,0.0
747,17.382,15.956,13.631,0.0
748,17.382,15.956,13.631,0.0
749,16.724,15.456,13.204,0.0
750,16.406,15.218,13.006,0.0
751,16.406,15.218,13.006,0.0
752,15.775,14.756,12.627,0.0
753,15.466,14.535,1.245,0.0
754,15.466,14.535,1.245,0.0
755,15.167,14.325,12.284,0.0
756,14.495,13.864,12.297,0.0
757,14.495,13.864,12.297,0.0
758,14.495,13.864,12.297,0.0
759,13.604,13.283,11.566,0.0
760,13.604,13.283,11.566,0.0
761,13.254,13.066,11.287,0.0
762,12.694,1.273,10.848,22.0
763,12.694,1.273,10.848,22.0
764,12.694,1.273,10.848,22.0
765,19.065,12.357,10.462,0.0
766,21.823,11.942,10.168,0.0
767,21.823,11.942,10.168,0.0
768,21.227,16.194,0.9826,0.0
769,20.882,15.973,0.964,0.0
770,20.882,15.973,0.964,0.0
771,20.225,15.565,10.261,0.0
772,19.889,15.364,0.9976,0.0
773,19.889,15.364,0.9976,0.0
774,1.955,15.165,0.9692,0.0
775,18.881,14.789,0.9144,0.0
776,18.881,14.789,0.9144,0.0
777,18.881,14.789,0.9144,0.0
778,17.912,18.767,0.8386,22.0
779,17.912,18.767,0.8386,22.0
780,17.581,18.567,0.8139,22.0
781,16.991,18.076,0.7793,22.0
782,16.991,18.076,0.7793,22.0
783,16.991,18.076,0.7793,22.0
784,19.705,17.319,13.431,0.0
785,19.705,17.319,13.431,0.0
786,19.349,12.851,13.187,0.0
787,18.721,16.602,12.748,0.0
788,18.721,16.602,12.748,0.0
789,18.721,16.602,12.748,0.0
790,1.778,15.972,12.126,0.0
791,1.778,15.972,12.126,0.0
792,1.778,15.972,12.126,0.0
793,1.688,1.54,11.577,0.0
794,1.688,1.54,11.577,0.0
795,1.688,1.54,11.577,0.0
796,17.675,14.857,12.796,0.0
797,17.675,14.857,12.796,0.0
798,17.675,14.857,12.796,0.0
799,16.744,25.326,12.084,22.0
800,16.744,25.326,12.084,22.0
801,16.744,25.326,12.084,22.0
802,15.766,24.657,11.474,22.0
803,15.766,24.657,11.474,22.0
804,15.411,24.393,11.287,22.0
805,14.762,20.236,10.974,22.0
806,14.762,20.236,10.974,22.0
807,14.762,20.236,10.974,22.0
808,13.843,12.658,1.285,0.0
809,13.843,12.658,1.285,0.0
810,13.843,12.658,1.285,0.0
811,12.936,19.099,12.244,22.0
812,12.936,19.099,12.244,22.0
813,12.936,19.099,12.244,22.0
814,16.722,18.447,12.093,22.0
815,16.722,18.447,12.093,22.0
816,16.722,18.447,12.093,22.0
817,20.695,10.973,11.376,0.0
818,20.695,10.973,11.376,0.0
819,24.349,10.592,10.876,0.0
820,24.349,10.592,10.876,0.0
821,24.025,17.132,10.622,0.0
822,23.442,1.676,10.178,0.0
823,23.442,1.676,10.178,0.0
824,23.123,16.562,0.9941,0.0
825,22.442,16.152,0.9452,0.0
826,22.442,16.152,0.9452,0.0
827,22.442,16.152,0.9452,0.0
828,21.465,15.599,0.8797,0.0
829,21.465,15.599,0.8797,0.0
830,21.142,1.799,0.8596,0.0
831,20.452,1.749,0.8191,0.0
832,20.452,1.749,0.8191,0.0
833,20.452,1.749,0.8191,0.0
834,19.496,1.682,11.329,0.0
835,19.496,1.682,11.329,0.0
836,19.135,16.575,11.057,0.0
837,18.433,1.611,10.542,0.0
838,18.433,1.611,10.542,0.0
839,18.433,1.611,10.542,0.0
840,17.519,15.534,0.991,0.0
841,17.519,15.534,0.991,0.0
842,17.519,15.534,0.991,0.0
843,16.561,14.967,0.9302,0.0
844,16.561,14.967,0.9302,0.0
845,16.561,14.967,0.9302,0.0
846,15.643,17.001,0.8781,22.0
847,15.643,17.001,0.8781,22.0
848,15.643,17.001,0.8781,22.0
849,14.738,16.201,11.907,22.0
850,14.738,16.201,11.907,22.0
851,14.738,16.201,11.907,22.0
852,29.605,1.328,11.489,0.0
853,29.605,1.328,11.489,0.0
854,29.289,13.065,13.733,0.0
855,28.618,12.678,13.132,0.0
856,28.618,12.678,13.132,0.0
857,28.618,12.678,13.132,0.0
858,28.009,14.111,12.595,0.0
859,27.679,13.847,12.308,0.0
860,27.679,13.847,12.308,0.0
861,27.072,1.337,11.787,0.0
862,2.674,13.114,11.506,0.0
863,2.674,13.114,11.506,0.0
864,2.615,12.671,11.017,0.0
865,25.841,12.445,10.765,0.0
866,25.841,12.445,10.765,0.0
867,25.546,12.233,10.529,0.0
868,24.931,11.804,10.049,0.0
869,24.931,11.804,10.049,0.0
870,24.269,11.365,0.9554,0.0
871,23.945,1.116,0.932,0.0
872,23.945,1.116,0.932,0.0
873,25.098,10.954,0.9086,0.0
874,24.389,16.885,0.8649,0.0
875,24.389,16.885,0.8649,0.0
876,24.041,16.643,0.8449,0.0
877,23.312,16.147,0.8061,0.0
878,23.312,16.147,0.8061,0.0
879,23.312,16.147,0.8061,0.0
880,22.405,15.557,11.639,0.0
881,22.405,15.557,11.639,0.0
882,22.405,15.557,11.639,0.0
883,21.475,14.985,11.034,0.0
884,21.475,14.985,11.034,0.0
885,21.475,14.985,11.034,0.0
886,20.523,14.439,10.465,0.0
887,20.523,14.439,10.465,0.0
888,19.882,15.864,10.115,0.0
889,19.581,15.637,0.9962,0.0
890,19.581,15.637,0.9962,0.0
891,19.216,15.364,13.869,0.0
892,18.538,14.868,13.421,0.0
893,18.538,14.868,13.421,0.0
894,18.538,14.868,13.421,0.0
895,17.605,14.211,12.837,0.0
896,17.605,14.211,12.837,0.0
897,17.605,14.211,12.837,0.0
898,16.635,13.563,12.277,0.0
899,16.635,13.563,12.277,0.0
900,15.986,13.152,11.932,0.0
901,1.568,12.965,22.727,-22.0
902,1.568,12.965,22.727,-22.0
903,1.568,12.965,22.727,-22.0
904,14.836,14.582,22.087,-22.0
905,14.836,14.582,22.087,-22.0
906,14.836,14.582,22.087,-22.0
907,14.051,14.145,10.543,22.0
908,14.051,14.145,10.543,22.0
909,14.051,14.145,10.543,22.0
910,1.321,13.625,20.602,0.0
911,1.321,13.625,20.602,0.0
912,12.913,13.414,2.043,0.0
913,12.313,13.013,20.065,0.0
914,12.313,13.013,20.065,0.0
915,12.313,13.013,20.065,0.0
916,11.437,12.458,19.554,0.0
917,11.437,12.458,19.554,0.0
918,11.437,12.458,19.554,0.0
919,15.081,10.816,19.208,-22.0
920,14.774,10.529,22.812,-22.0
921,14.774,10.529,22.812,-22.0
922,13.948,0.9833,18.368,-22.0
923,13.948,0.9833,18.368,-22.0
924,13.948,0.9833,18.368,-22.0
925,1.763,0.9257,17.522,0.0
926,1.763,0.9257,17.522,0.0
927,1.763,0.9257,17.522,0.0
928,20.767,0.8926,17.055,0.0
929,20.158,0.8538,16.696,0.0
930,20.158,0.8538,16.696,0.0
931,20.158,0.8538,16.696,0.0
932,19.154,0.7959,16.136,0.0
933,19.154,0.7959,16.136,0.0
934,19.154,0.7959,16.136,0.0
935,18.184,10.559,18.709,-22.0
936,18.184,10.559,18.709,-22.0
937,18.184,10.559,18.709,-22.0
938,17.259,0.996,15.038,0.0
939,17.259,0.996,15.038,0.0
940,16.926,0.9798,14.772,0.0
941,16.216,0.9351,17.114,-22.0
942,16.216,0.9351,17.114,-22.0
943,15.852,0.9136,16.857,-22.0
944,15.191,12.415,16.214,-22.0
945,15.191,12.415,16.214,-22.0
946,15.191,12.415,16.214,-22.0
947,24.206,11.979,12.964,0.0
948,24.206,11.979,12.964,0.0
949,24.206,11.979,12.964,0.0
950,28.657,13.547,1.238,0.0
951,28.657,13.547,1.238,0.0
952,28.344,13.256,14.214,0.0
953,2.77,12.662,13.704,0.0
954,2.77,12.662,13.704,0.0
955,2.77,12.662,13.704,0.0
956,26.811,11.856,13.025,0.0
957,26.811,11.856,13.025,0.0
958,30.313,11.342,1.26,0.0
959,30.028,11.101,12.404,0.0
960,30.028,11.101,12.404,0.0
961,29.395,10.577,11.983,0.0
962,29.072,10.315,11.777,0.0
963,29.072,10.315,11.777,0.0
964,29.072,10.315,11.777,0.0
965,28.066,0.953,11.175,0.0
966,28.066,0.953,11.175,0.0
967,2.777,0.9308,11.011,0.0
968,27.167,0.8874,17.072,0.0
969,27.167,0.8874,17.072,0.0
970,27.167,0.8874,17.072,0.0
971,26.187,0.8221,16.409,0.0
972,26.187,0.8221,16.409,0.0
973,26.187,0.8221,16.409,0.0
974,25.241,11.745,15.804,0.0
975,25.241,11.745,15.804,0.0
976,2.491,11.487,15.602,0.0
977,24.308,11.029,15.247,0.0
978,24.308,11.029,15.247,0.0
979,24.308,11.029,15.247,0.0
980,23.436,10.399,16.687,0.0
981,23.436,10.399,16.687,0.0
982,23.436,10.399,16.687,0.0
983,24.374,0.98,16.001,0.0
984,24.374,0.98,16.001,0.0
985,24.056,0.9616,15.782,0.0
986,2.335,13.279,15.306,0.0
987,2.335,13.279,15.306,0.0
988,2.335,13.279,15.306,0.0
989,22.439,12.636,14.721,0.0
990,22.439,12.636,14.721,0.0
991,22.439,12.636,14.721,0.0
992,21.447,11.977,14.124,0.0
993,21.447,11.977,14.124,0.0
994,21.447,11.977,14.124,0.0
995,20.521,11.405,1.361,0.0
996,20.521,11.405,1.361,0.0
997,20.521,11.405,1.361,0.0
998,19.922,11.062,13.301,0.0
999,1.929,33.505,14.847,22.0
1000,1.929,33.505,14.847,22.0
1001,1.929,33.505,14.847,22.0
1002,18.341,24.207,14.253,22.0
1003,18.341,24.207,14.253,22.0
1004,18.048,16.955,14.095,0.0
1005,17.433,16.529,13.786,0.0
1006,17.433,16.529,13.786,0.0
1007,17.433,16.529,13.786,0.0
1008,16.819,16.169,1.602,0.0
1009,16.493,22.992,15.776,22.0
1010,16.493,22.992,15.776,22.0
1011,19.279,22.614,1.541,22.0
1012,18.954,15.407,15.246,0.0
1013,18.954,15.407,15.246,0.0
1014,18.341,1.503,14.928,0.0
1015,17.992,21.763,14.736,22.0
1016,17.992,21.763,14.736,22.0
1017,17.124,14.289,14.148,0.0
1018,17.124,14.289,14.148,0.0
1019,17.124,14.289,14.148,0.0
1020,16.163,20.492,13.397,22.0
1021,16.163,20.492,13.397,22.0
1022,16.163,20.492,13.397,22.0
1023,15.263,19.814,12.765,22.0
1024,15.263,19.814,12.765,22.0
1025,15.263,19.814,12.765,22.0
1026,19.241,12.584,12.336,0.0
1027,19.241,12.584,12.336,0.0
1028,18.939,12.381,12.202,0.0
1029,18.233,18.438,13.655,22.0
1030,18.233,18.438,13.655,22.0
1031,18.233,18.438,13.655,22.0
1032,17.565,17.923,13.102,22.0
1033,17.269,17.656,12.878,22.0
1034,17.269,17.656,12.878,22.0
1035,16.992,11.168,12.677,0.0
1036,22.128,10.739,12.302,0.0
1037,22.128,10.739,12.302,0.0
1038,21.814,10.569,12.088,0.0
1039,21.077,16.087,11.603,0.0
1040,21.077,16.087,11.603,0.0
1041,21.077,16.087,11.603,0.0
1042,20.146,15.425,11.034,0.0
1043,20.146,15.425,11.034,0.0
1044,20.146,15.425,11.034,0.0
1045,19.213,14.792,10.518,0.0
1046,19.213,14.792,10.518,0.0
1047,18.903,14.589,13.503,0.0
1048,18.903,14.589,13.503,0.0
1049,18.214,14.153,12.893,0.0
1050,18.214,14.153,12.893,0.0
1051,17.333,13.627,12.127,0.0
1052,17.333,13.627,12.127,0.0
1053,17.333,13.627,12.127,0.0
1054,16.426,19.057,11.359,22.0
1055,16.426,19.057,11.359,22.0
1056,15.782,18.526,10.857,22.0
1057,15.496,18.243,10.662,22.0
1058,15.496,18.243,10.662,22.0
1059,15.496,18.243,10.662,22.0
1060,20.797,11.886,10.236,0.0
1061,20.797,11.886,10.236,0.0
1062,20.797,11.886,10.236,0.0
1063,1.998,11.351,0.9823,0.0
1064,1.998,11.351,0.9823,0.0
1065,19.659,16.477,1.378,0.0
1066,19.034,15.975,13.231,0.0
1067,19.034,15.975,13.231,0.0
1068,19.034,15.975,13.231,0.0
1069,18.161,15.291,12.477,0.0
1070,18.161,15.291,12.477,0.0
1071,18.161,15.291,12.477,0.0
1072,17.295,14.635,1.175,0.0
1073,17.295,14.635,1.175,0.0
1074,17.295,14.635,1.175,0.0
1075,22.698,13.966,11.006,0.0
1076,22.698,13.966,11.006,0.0
1077,22.079,13.561,10.552,0.0
1078,21.799,13.383,10.353,0.0
1079,21.799,13.383,10.353,0.0
1080,21.173,1.3,0.9924,0.0
1081,20.871,12.822,0.9725,0.0
1082,20.871,12.822,0.9725,0.0
1083,20.871,12.822,0.9725,0.0
1084,19.932,17.555,0.9148,0.0
1085,19.932,17.555,0.9148,0.0
1086,19.932,17.555,0.9148,0.0
1087,19.017,16.849,12.972,0.0
1088,19.017,16.849,12.972,0.0
1089,19.017,16.849,12.972,0.0
1090,18.075,16.145,12.132,0.0
1091,18.075,16.145,12.132,0.0
1092,17.773,15.925,11.867,0.0
1093,17.127,15.465,11.307,0.0
1094,17.127,15.465,11.307,0.0
1095,17.127,15.465,11.307,0.0
1096,16.157,14.803,10.491,0.0
1097,16.157,14.803,10.491,0.0
1098,16.157,14.803,10.491,0.0
1099,15.192,14.182,0.9712,0.0
1100,15.192,14.182,0.9712,0.0
1101,15.192,14.182,0.9712,0.0
1102,20.654,13.638,0.9018,0.0
1103,20.654,13.638,0.9018,0.0
1104,20.654,13.638,0.9018,0.0
1105,19.746,23.068,0.8416,22.0
1106,19.746,23.068,0.8416,22.0
1107,19.746,23.068,0.8416,22.0
1108,18.934,17.545,12.708,0.0
1109,18.934,17.545,12.708,0.0
1110,18.934,17.545,12.708,0.0
1111,18.114,21.922,11.995,22.0
1112,18.114,21.922,11.995,22.0
1113,18.114,21.922,11.995,22.0
1114,19.571,16.396,11.334,0.0
1115,19.571,16.396,11.334,0.0
1116,19.571,16.396,11.334,0.0
1117,19.219,21.067,11.068,22.0
1118,18.468,20.636,1.052,22.0
1119,18.468,20.636,1.052,22.0
1120,18.468,20.636,1.052,22.0
1121,17.643,15.146,10.117,0.0
1122,17.643,15.146,10.117,0.0
1123,20.102,14.744,15.192,0.0
1124,19.795,1.928,14.953,0.0
1125,19.795,1.928,14.953,0.0
1126,19.167,18.904,14.472,0.0
1127,18.853,18.721,14.236,0.0
1128,18.853,18.721,14.236,0.0
1129,18.511,18.526,13.982,22.0
1130,17.851,18.162,13.505,22.0
1131,17.851,18.162,13.505,22.0
1132,17.851,18.162,13.505,22.0
1133,17.009,17.437,13.096,22.0
1134,17.009,17.437,13.096,22.0
1135,17.009,17.437,13.096,22.0
1136,19.816,16.714,13.863,0.0
1137,19.816,16.714,13.863,0.0
1138,19.816,16.714,13.863,0.0
1139,18.937,16.008,13.295,0.0
1140,18.937,16.008,13.295,0.0
1141,18.937,16.008,13.295,0.0
1142,17.974,15.393,12.646,0.0
1143,17.974,15.393,12.646,0.0
1144,17.664,15.204,12.447,0.0
1145,17.016,14.822,12.047,0.0
1146,17.016,14.822,12.047,0.0
1147,17.016,14.822,12.047,0.0
1148,16.126,18.544,11.542,22.0
1149,16.126,18.544,11.542,22.0
1150,15.798,18.325,12.823,22.0
1151,18.946,17.703,12.406,0.0
1152,18.946,17.703,12.406,0.0
1153,18.946,17.703,12.406,0.0
1154,18.125,17.035,11.888,0.0
1155,18.125,17.035,11.888,0.0
1156,17.802,16.813,11.676,0.0
1157,17.132,16.364,11.255,0.0
1158,17.132,16.364,11.255,0.0
1159,17.132,16.364,11.255,0.0
1160,20.268,15.762,10.715,0.0
1161,20.268,15.762,10.715,0.0
1162,19.903,15.551,1.249,0.0
1163,19.275,15.202,11.992,0.0
1164,19.275,15.202,11.992,0.0
1165,19.275,15.202,11.992,0.0
1166,18.678,18.831,11.531,22.0
1167,18.033,18.408,1.105,22.0
1168,18.033,18.408,1.105,22.0
1169,18.033,18.408,1.105,22.0
1170,2.831,17.594,10.637,0.0
1171,2.831,17.594,10.637,0.0
1172,28.029,17.278,10.546,0.0
1173,28.029,17.278,10.546,0.0
1174,2.872,1.684,12.705,0.0
1175,2.872,1.684,12.705,0.0
1176,27.825,16.214,11.994,0.0
1177,27.825,16.214,11.994,0.0
1178,27.825,16.214,11.994,0.0
1179,29.975,15.635,11.334,0.0
1180,29.975,15.635,11.334,0.0
1181,29.975,15.635,11.334,0.0
1182,29.063,15.075,10.695,0.0
1183,29.063,15.075,10.695,0.0
1184,2.876,14.897,10.493,0.0
1185,28.103,15.626,10.077,0.0
1186,28.103,15.626,10.077,0.0
1187,27.757,15.316,0.987,0.0
1188,27.117,14.749,0.9513,0.0
1189,27.117,14.749,0.9513,0.0
1190,27.117,14.749,0.9513,0.0
1191,26.233,1.398,11.447,0.0
1192,26.233,1.398,11.447,0.0
1193,26.233,1.398,11.447,0.0
1194,27.723,13.184,10.695,0.0
1195,27.723,13.184,10.695,0.0
1196,27.723,13.184,10.695,0.0
1197,26.797,12.479,10.045,0.0
1198,26.797,12.479,10.045,0.0
1199,26.797,12.479,10.045,0.0
1200,25.846,11.787,0.9426,0.0
1201,25.846,11.787,0.9426,0.0
1202,25.504,11.548,0.9218,0.0
1203,24.867,11.118,0.8853,0.0
1204,24.867,11.118,0.8853,0.0
1205,24.867,11.118,0.8853,0.0
1206,23.925,10.521,14.969,0.0
1207,23.925,10.521,14.969,0.0
1208,23.925,10.521,14.969,0.0
1209,23.002,0.999,14.386,0.0
1210,23.002,0.999,14.386,0.0
1211,23.002,0.999,14.386,0.0
1212,22.017,13.097,13.808,0.0
1213,22.017,13.097,13.808,0.0
1214,21.401,12.661,13.471,0.0
1215,21.092,12.448,13.309,0.0
1216,21.092,12.448,13.309,0.0
1217,20.732,12.206,15.519,0.0
1218,20.017,11.743,14.997,0.0
1219,20.017,11.743,14.997,0.0
1220,20.017,11.743,14.997,0.0
1221,19.055,11.164,14.323,0.0
1222,19.055,11.164,14.323,0.0
1223,18.383,14.534,13.873,0.0
1224,18.383,14.534,13.873,0.0
1225,18.383,14.534,13.873,0.0
1226,17.427,13.842,13.267,0.0
1227,17.427,13.842,13.267,0.0
1228,17.134,13.637,1.309,0.0
1229,16.451,13.171,12.695,0.0
1230,16.451,13.171,12.695,0.0
1231,16.451,13.171,12.695,0.0
1232,15.555,12.593,1.467,0.0
1233,15.555,12.593,1.467,0.0
1234,15.555,12.593,1.467,0.0
1235,14.701,12.081,14.024,0.0
1236,14.701,12.081,14.024,0.0
1237,14.701,12.081,14.024,0.0
1238,13.813,18.607,13.379,22.0
1239,13.813,18.607,13.379,22.0
1240,13.813,18.607,13.379,22.0
1241,12.946,17.962,12.875,22.0
1242,12.946,17.962,12.875,22.0
1243,12.946,17.962,12.875,22.0
1244,16.704,17.209,12.258,22.0
1245,16.704,17.209,12.258,22.0
1246,16.704,17.209,12.258,22.0
1247,24.475,0.9443,11.648,0.0
1248,24.475,0.9443,11.648,0.0
1249,24.475,0.9443,11.648,0.0
1250,23.491,1.55,11.022,0.0
1251,23.491,1.55,11.022,0.0
1252,23.491,1.55,11.022,0.0
1253,22.561,1.491,10.403,0.0
1254,22.561,1.491,10.403,0.0
1255,22.561,1.491,10.403,0.0
1256,21.586,14.333,0.981,0.0
1257,21.586,14.333,0.981,0.0
1258,21.586,14.333,0.981,0.0
1259,2.06,16.414,12.853,0.0
1260,2.06,16.414,12.853,0.0
1261,20.244,16.149,12.586,0.0
1262,19.621,15.697,12.131,0.0
1263,19.621,15.697,12.131,0.0
1264,19.621,15.697,12.131,0.0
1265,18.705,15.055,11.492,0.0
1266,18.705,15.055,11.492,0.0
1267,18.705,15.055,11.492,0.0
1268,17.739,14.413,10.867,0.0
1269,17.739,14.413,10.867,0.0
1270,17.739,14.413,10.867,0.0
1271,1.681,13.833,10.319,0.0
1272,1.681,13.833,10.319,0.0
1273,1.681,13.833,10.319,0.0
1274,15.901,13.308,13.317,0.0
1275,15.901,13.308,13.317,0.0
1276,15.901,13.308,13.317,0.0
1277,14.988,15.343,12.646,22.0
1278,14.988,15.343,12.646,22.0
1279,14.988,15.343,12.646,22.0
1280,19.062,14.581,1.218,0.0
1281,19.062,14.581,1.218,0.0
1282,19.062,14.581,1.218,0.0
1283,23.118,13.814,13.377,0.0
1284,23.118,13.814,13.377,0.0
1285,22.781,13.554,13.061,0.0
1286,22.781,13.554,13.061,0.0
1287,27.095,13.089,1.249,0.0
1288,27.095,13.089,1.249,0.0
1289,27.095,13.089,1.249,0.0
1290,27.095,13.089,1.249,0.0
1291,27.095,13.089,1.249,0.0
1292,27.095,13.089,1.249,0.0
1293,27.095,13.089,1.249,0.0
1294,27.095,13.089,1.249,0.0
1295,27.095,13.089,1.249,0.0
1296,27.095,13.089,1.249,0.0
1297,27.095,13.089,1.249,0.0
1298,27.095,13.089,1.249,0.0
1299,27.095,13.089,1.249,0.0
1300,27.095,13.089,1.249,0.0
1301,27.095,13.089,1.249,0.0
1302,27.095,13.089,1.249,0.0
1303,27.095,13.089,1.249,0.0
1304,27.095,13.089,1.249,0.0
1305,27.095,13.089,1.249,0.0
1306,27.095,13.089,1.249,0.0
1307,27.095,13.089,1.249,0.0
1308,27.095,13.089,1.249,0.0
1309,27.095,13.089,1.249,0.0
1310,27.095,13.089,1.249,0.0
1311,27.095,13.089,1.249,0.0
1312,27.095,13.089,1.249,0.0
1313,27.095,13.089,1.249,0.0
1314,27.095,13.089,1.249,0.0
1315,27.095,13.089,1.249,0.0
1316,27.095,13.089,1.249,0.0
1317,27.095,13.089,1.249,0.0
1318,27.095,13.089,1.249,0.0
1319,27.095,13.089,1.249,0.0
1320,27.095,13.089,1.249,0.0
1321,27.095,13.089,1.249,0.0
1322,27.095,13.089,1.249,0.0
1323,27.095,13.089,1.249,0.0
1324,27.095,13.089,1.249,0.0
1325,27.095,13.089,1.249,0.0
1326,27.095,13.089,1.249,0.0
1327,27.095,13.089,1.249,0.0
1328,27.095,13.089,1.249,0.0
1329,27.095,13.089,1.249,0.0
1330,27.095,13.089,1.249,0.0
1331,27.095,13.089,1.249,0.0
1332,27.095,13.089,1.249,0.0
1333,27.095,13.089,1.249,0.0
1334,27.095,13.089,1.249,0.0
1335,27.095,13.089,1.249,0.0
1336,27.095,13.089,1.249,0.0
1337,27.095,13.089,1.249,0.0
1338,27.095,13.089,1.249,0.0
1339,27.095,13.089,1.249,0.0
1340,27.095,13.089,1.249,0.0
1341,27.095,13.089,1.249,0.0
1342,27.095,13.089,1.249,0.0
1343,27.095,13.089,1.249,0.0
1344,27.095,13.089,1.249,0.0
1345,27.095,13.089,1.249,0.0
1346,27.095,13.089,1.249,0.0
1347,27.095,13.089,1.249,0.0
1348,27.095,13.089,1.249,0.0
1349,27.095,13.089,1.249,0.0
1350,27.095,13.089,1.249,0.0
1351,27.095,13.089,1.249,0.0
1352,27.095,13.089,1.249,0.0
1353,27.095,13.089,1.249,0.0
1354,27.095,13.089,1.249,0.0
1355,27.095,13.089,1.249,0.0
1356,27.095,13.089,1.249,0.0
1357,27.095,13.089,1.249,0.0
1358,27.095,13.089,1.249,0.0
1359,27.095,13.089,1.249,0.0
1360,27.095,13.089,1.249,0.0
1361,27.095,13.089,1.249,0.0
1362,27.095,13.089,1.249,0.0
1363,27.095,13.089,1.249,0.0
1364,27.095,13.089,1.249,0.0
1365,27.095,13.089,1.249,0.0
1366,27.095,13.089,1.249,0.0
1367,27.095,13.089,1.249,0.0
1368,27.095,13.089,1.249,0.0
1369,27.095,13.089,1.249,0.0
1370,27.095,13.089,1.249,0.0
1371,27.095,13.089,1.249,0.0
1372,27.095,13.089,1.249,0.0
1373,27.095,13.089,1.249,0.0
1374,27.095,13.089,1.249,0.0
1375,27.095,13.089,1.249,0.0
1376,27.095,13.089,1.249,0.0
1377,27.095,13.089,1.249,0.0
1378,27.095,13.089,1.249,0.0
1379,27.095,13.089,1.249,0.0
1380,27.095,13.089,1.249,0.0
1381,27.095,13.089,1.249,0.0
1382,27.095,13.089,1.249,0.0
1383,27.095,13.089,1.249,0.0
1384,27.095,13.089,1.249,0.0
1385,27.095,13.089,1.249,0.0
1386,27.095,13.089,1.249,0.0
1387,27.095,13.089,1.249,0.0
1388,27.095,13.089,1.249,0.0
1389,27.095,13.089,1.249,0.0
1390,27.095,13.089,1.249,0.0
1391,27.095,13.089,1.249,0.0
1392,27.095,13.089,1.249,0.0
1393,27.095,13.089,1.249,0.0
1394,27.095,13.089,1.249,0.0
1395,27.095,13.089,1.249,0.0
1396,27.095,13.089,1.249,0.0
1397,27.095,13.089,1.249,0.0
1398,27.095,13.089,1.249,0.0
1399,27.095,13.089,1.249,0.0
1400,27.095,13.089,1.249,0.0
1401,27.095,13.089,1.249,0.0
1402,27.095,13.089,1.249,0.0
1403,27.095,13.089,1.249,0.0
1404,27.095,13.089,1.249,0.0
1405,27.095,13.089,1.249,0.0
1406,27.095,13.089,1.249,0.0
1407,27.095,13.089,1.249,0.0
1408,27.095,13.089,1.249,0.0
1409,27.095,13.089,1.249,0.0
1410,27.095,13.089,1.249,0.0
1411,27.095,13.089,1.249,0.0
1412,27.095,13.089,1.249,0.0
1413,27.095,13.089,1.249,0.0
1414,27.095,13.089,1.249,0.0
1415,27.095,13.089,1.249,0.0
1416,27.095,13.089,1.249,0.0
1417,27.095,13.089,1.249,0.0
1418,27.095,13.089,1.249,0.0
1419,27.095,13.089,1.249,0.0
1420,27.095,13.089,1.249,0.0
1421,27.095,13.089,1.249,0.0
1422,27.095,13.089,1.249,0.0
1423,27.095,13.089,1.249,0.0
1424,27.095,13.089,1.249,0.0
1425,27.095,13.089,1.249,0.0
1426,27.095,13.089,1.249,0.0
1427,27.095,13.089,1.249,0.0
1428,27.095,13.089,1.249,0.0
1429,27.095,13.089,1.249,0.0
1430,27.095,13.089,1.249,0.0
1431,27.095,13.089,1.249,0.0
1432,27.095,13.089,1.249,0.0
1433,27.095,13.089,1.249,0.0
1434,27.095,13.089,1.249,0.0
1435,27.095,13.089,1.249,0.0
1436,27.095,13.089,1.249,0.0
1437,27.095,13.089,1.249,0.0
1438,27.095,13.089,1.249,0.0
1439,27.095,13.089,1.249,0.0
1440,27.095,13.089,1.249,0.0
1441,27.095,13.089,1.249,0.0
1442,27.095,13.089,1.249,0.0
1443,27.095,13.089,1.249,0.0
1444,27.095,13.089,1.249,0.0
1445,27.095,13.089,1.249,0.0
1446,27.095,13.089,1.249,0.0
1447,27.095,13.089,1.249,0.0
1448,27.095,13.089,1.249,0.0
1449,27.095,13.089,1.249,0.0
1450,27.095,13.089,1.249,0.0
1451,27.095,13.089,1.249,0.0
1452,27.095,13.089,1.249,0.0
1453,27.095,13.089,1.249,0.0
1454,27.095,13.089,1.249,0.0
1455,27.095,13.089,1.249,0.0
1456,27.095,13.089,1.249,0.0
1457,27.095,13.089,1.249,0.0
1458,27.095,13.089,1.249,0.0
1459,27.095,13.089,1.249,0.0
1460,27.095,13.089,1.249,0.0
1461,27.095,13.089,1.249,0.0
1462,27.095,13.089,1.249,0.0
1463,27.095,13.089,1.249,0.0
1464,27.095,13.089,1.249,0.0
1465,27.095,13.089,1.249,0.0
1466,27.095,13.089,1.249,0.0
1467,27.095,13.089,1.249,0.0
1468,27.095,13.089,1.249,0.0
1469,27.095,13.089,1.249,0.0
1470,27.095,13.089,1.249,0.0
1471,27.095,13.089,1.249,0.0
1472,27.095,13.089,1.249,0.0
1473,27.095,13.089,1.249,0.0
1474,27.095,13.089,1.249,0.0
1475,27.095,13.089,1.249,0.0
1476,27.095,13.089,1.249,0.0
1477,27.095,13.089,1.249,0.0
1478,27.095,13.089,1.249,0.0
1479,27.095,13.089,1.249,0.0
1480,27.095,13.089,1.249,0.0
1481,27.095,13.089,1.249,0.0
1482,27.095,13.089,1.249,0.0
1483,27.095,13.089,1.249,0.0
1484,27.095,13.089,1.249,0.0
1485,27.095,13.089,1.249,0.0
1486,27.095,13.089,1.249,0.0
1487,27.095,13.089,1.249,0.0
1488,27.095,13.089,1.249,0.0
1489,27.095,13.089,1.249,0.0
1490,27.095,13.089,1.249,0.0
1491,27.095,13.089,1.249,0.0
1492,27.095,13.089,1.249,0.0
1493,27.095,13.089,1.249,0.0
1494,27.095,13.089,1.249,0.0
1495,27.095,13.089,1.249,0.0
1496,27.095,13.089,1.249,0.0
1497,27.095,13.089,1.249,0.0
1498,27.095,13.089,1.249,0.0
1499,27.095,13.089,1.249,0.0
1500,27.095,13.089,1.249,0.0
1501,27.095,13.089,1.249,0.0
1502,27.095,13.089,1.249,0.0
1503,27.095,13.089,1.249,0.0
1504,27.095,13.089,1.249,0.0
1505,27.095,13.089,1.249,0.0
1506,27.095,13.089,1.249,0.0
1507,27.095,13.089,1.249,0.0
1508,27.095,13.089,1.249,0.0
1509,27.095,13.089,1.249,0.0
1510,27.095,13.089,1.249,0.0
1511,27.095,13.089,1.249,0.0
1512,27.095,13.089,1.249,0.0
1513,27.095,13.089,1.249,0.0
1514,27.095,13.089,1.249,0.0
1515,27.095,13.089,1.249,0.0
1516,27.095,13.089,1.249,0.0
1517,27.095,13.089,1.249,0.0
1518,27.095,13.089,1.249,0.0
1519,27.095,13.089,1.249,0.0
1520,27.095,13.089,1.249,0.0
1521,27.095,13.089,1.249,0.0
1522,27.095,13.089,1.249,0.0
1523,27.095,13.089,1.249,0.0
1524,27.095,13.089,1.249,0.0
1525,27.095,13.089,1.249,0.0
1526,27.095,13.089,1.249,0.0
1527,27.095,13.089,1.249,0.0
1528,27.095,13.089,1.249,0.0
